{
  "project_info": {
    "project_number": "1089016337826",
    "firebase_url": "https://inthekn0w-default-rtdb.firebaseio.com",
    "project_id": "inthekn0w",
    "storage_bucket": "inthekn0w.appspot.com"
  },
  "client": [
    {
      "client_info": {
        "mobilesdk_app_id": "1:1089016337826:android:4d06d791c761d48521cefb",
        "android_client_info": {
          "package_name": "com.example.intheknow"
        }
      },
      "oauth_client": [
        {
          "client_id": "1089016337826-m5257iak5m4900rkampme0t59m2njc1a.apps.googleusercontent.com",
          "client_type": 3
        }
      ],
      "api_key": [
        {
          "current_key": "AIzaSyBoGXT7Jomo9TSxDslgxhlWCG8PcE8nwak"
        }
      ],
      "services": {
        "appinvite_service": {
          "other_platform_oauth_client": [
            {
              "client_id": "1089016337826-m5257iak5m4900rkampme0t59m2njc1a.apps.googleusercontent.com",
              "client_type": 3
            }
          ]
        }
      }
    }
  ],
  "configuration_version": "1"
}